{
  "scenario": "openai-gpt5.5",
  "cost_cap": 2.9356,
  "per_route": {
    "R1": 0.5102110528228186,
    "R2": 0.0,
    "R3": 0.9340738747331607
  },
  "per_category_route": {
    "C/R1": 0.5102110528228186,
    "C/R2": 0.0,
    "C/R3": 0.9340738747331607
  }
}