{
  "scenario": "openai-gpt5.5",
  "cost_cap": 8.465499999999999,
  "per_route": {
    "R1": 0.2968816805465321,
    "R2": 0.0,
    "R3": 0.5982345074265013,
    "R4": 0.395570329432346,
    "R5": 0.11103338649026444
  },
  "per_category_route": {
    "A/R1": 0.012430453015179258,
    "A/R2": 0.0,
    "A/R3": 0.04583604039926762,
    "A/R4": 0.07621345460988721,
    "A/R5": 0.1852737581950269,
    "B/R1": 0.02557911523241392,
    "B/R2": 0.0,
    "B/R3": 0.040963321717559516,
    "B/R4": 0.0693402634221251,
    "B/R5": 0.0,
    "C/R1": 0.1853769850176206,
    "C/R2": 0.0,
    "C/R3": 0.3418716363615909,
    "C/R4": 0.09035880028462867,
    "C/R5": 0.1751860844154566,
    "D/R1": 0.0734951272813183,
    "D/R2": 0.0,
    "D/R3": 0.1902315279664521,
    "D/R4": 0.15965781111570496,
    "D/R5": 0.22866502864567956
  }
}