{
  "scenario": "openai-gpt5.5",
  "cost_cap": 0.0,
  "per_route": {
    "R2": 0.3988888888888889,
    "R3": 0.5711111111111111
  },
  "per_category_route": {
    "A/R2": 0.9,
    "A/R3": 1.0,
    "B/R2": 0.0,
    "B/R3": 0.3,
    "C/R2": 0.2966666666666667,
    "C/R3": 0.4133333333333334
  }
}